PHerc0009B,20
PHerc0125,0
PHerc0139,39
PHerc0172,53
PHerc0175A,0
PHerc0175B,0
PHerc0191,0
PHerc0211,0
PHerc0257,0
PHerc0268,0
PHerc0306B,0
PHerc0332,2
PHerc0343,0
PHerc0343P,8
PHerc0358,0
PHerc0483A,0
PHerc0483B,0
PHerc0490A,0
PHerc0490B,0
PHerc0500P2,46
PHerc0800,6
PHerc0813,0
PHerc0814,19
PHerc0826,0
PHerc0841,3
PHerc0846A,0
PHerc0846B,0
PHerc1203,1
PHerc1218,0
PHerc1299,0
PHerc1447,16
PHerc1451,1
PHerc1545,0
PHerc1667,20
PHerc1667Cr1Fr3,0
PHerc51Cr4Fr8,0
PHercMAN5,1
PHercMANB,0
PHercMANBp,11
PHercParis1Fr34,0
PHercParis1Fr39,0
PHercParis2Fr143,0
PHercParis2Fr47,0
PHercParis3,0
PHercParis4,81
